{
  "lang":"en",
  "name":"pipeline",
  "version":"0.0.0",
  "spacy_version":">=3.4.1,<3.5.0",
  "description":"",
  "author":"",
  "email":"",
  "url":"",
  "license":"",
  "spacy_git_version":"Unknown",
  "vectors":{
    "width":0,
    "vectors":0,
    "keys":0,
    "name":null,
    "mode":"default"
  },
  "labels":{
    "transformer":[

    ],
    "ner":[
      "College Name",
      "Companies worked at",
      "Degree",
      "Designation",
      "Email Address",
      "Graduation Year",
      "Location",
      "Name",
      "Skills",
      "UNKNOWN",
      "Years of Experience"
    ]
  },
  "pipeline":[
    "transformer",
    "ner"
  ],
  "components":[
    "transformer",
    "ner"
  ],
  "disabled":[

  ],
  "performance":{
    "ents_f":0.605419696,
    "ents_p":0.6325966851,
    "ents_r":0.5804816223,
    "ents_per_type":{
      "Name":{
        "p":0.9230769231,
        "r":0.9836065574,
        "f":0.9523809524
      },
      "Designation":{
        "p":0.6666666667,
        "r":0.5753424658,
        "f":0.6176470588
      },
      "Location":{
        "p":0.7333333333,
        "r":0.640776699,
        "f":0.6839378238
      },
      "Companies worked at":{
        "p":0.6108108108,
        "r":0.585492228,
        "f":0.5978835979
      },
      "Degree":{
        "p":0.6956521739,
        "r":0.5714285714,
        "f":0.6274509804
      },
      "Skills":{
        "p":0.3428571429,
        "r":0.1463414634,
        "f":0.2051282051
      },
      "Email Address":{
        "p":0.8035714286,
        "r":0.8653846154,
        "f":0.8333333333
      },
      "College Name":{
        "p":0.5272727273,
        "r":0.5471698113,
        "f":0.537037037
      },
      "Graduation Year":{
        "p":0.2698412698,
        "r":0.5151515152,
        "f":0.3541666667
      },
      "Years of Experience":{
        "p":0.0,
        "r":0.0,
        "f":0.0
      }
    },
    "transformer_loss":739.6607774236,
    "ner_loss":11245.6559238447
  }
}